"","Variables","VIF"
"1","cldtot_avg",2.6570809969062
"2","frwlt_avg",4.53266682348715
"3","hflux_avg",7.6771568643741
"4","lai_avg",1.91930018538266
"5","qv2m_avg",1.43351474026244
"6","swgnt_avg",8.58677256539515
