"","Variables","VIF"
"1","cldtot_avg",4.54758593139108
"2","frwlt_avg",5.70720536620235
"3","hflux_avg",12.3297652966351
"4","lai_avg",3.85566004263515
"5","qv2m_avg",9.19591353714182
"6","swgnt_avg",12.7634406480869
"7","t2m_avg",613.705532471345
"8","ts_avg",1612.57451965157
"9","tsat_avg",176.775051525621
"10","tsurf_avg",1324.8080009879
