"","Variables","VIF"
"1","frwlt_avg",3.87817800404183
"2","hflux_avg",5.98060192680694
"3","lai_avg",2.17224095044827
"4","qv2m_avg",6.09177744781208
"5","swgnt_avg",5.83046143769217
"6","tsurf_avg",5.9173673467941
