"","Variables","VIF"
"1","frwlt_avg",6.61733911459554
"2","hflux_avg",10.2820649558249
"3","lai_avg",4.56232507193098
"4","qinfil_avg",17.5219398227367
"5","qv2m_avg",11.4820926707237
"6","swgnt_avg",8.97018500504067
"7","t2m_avg",509.838187294474
"8","ts_avg",1804.45895046655
"9","tsat_avg",157.739187209175
"10","tsurf_avg",1449.71959295359
