"","Variables","VIF"
"1","evpsoil_avg",4.99979891699676
"2","evptrns_avg",7.34467537638699
"3","frwlt_avg",5.00131197146512
"4","hflux_avg",6.68045840599124
"5","prevtot_avg",8.02036720482535
"6","qv2m_avg",9.03817289582661
"7","swgnt_avg",4.00028531354522
"8","tsurf_avg",6.68998209732598
