"","Variables","VIF"
"1","evpsoil_avg",6.31355000956431
"2","evptrns_avg",10.05487725666
"3","frwlt_avg",5.18372902514284
"4","hflux_avg",10.9004846289337
"5","prevtot_avg",8.5771615831442
"6","qv2m_avg",12.410001893609
"7","swgnt_avg",8.29426772240064
"8","t2m_avg",343.79903431747
"9","ts_avg",2290.58881888162
"10","tsurf_avg",1796.35230756477
