"","Variables","VIF"
"1","frwlt_avg",3.49647329992709
"2","hflux_avg",5.45067459441972
"3","lai_avg",1.89442509984663
"4","qv2m_avg",5.57108024505865
"5","swgnt_avg",4.52050361332155
"6","t2m_avg",6.29222745049327
