"","Variables","VIF"
"1","cldtot_avg",2.14488499569219
"2","frwlt_avg",3.81123829873046
"3","grn_avg",1.52274730762167
"4","hflux_avg",6.02132425402257
"5","qv2m_avg",1.62543637188423
"6","swgnt_avg",5.06190859355411
