"","Variables","VIF"
"1","cldtot_avg",4.41632295094303
"2","frwlt_avg",3.96867536243245
"3","grn_avg",2.51974349968797
"4","hflux_avg",7.64296796156623
"5","qv2m_avg",11.5500749969952
"6","swgnt_avg",7.01033029996516
"7","t2m_avg",691.559805980151
"8","ts_avg",2660.32245051087
"9","tsat_avg",137.274146634725
"10","tsurf_avg",2093.73573292094
