"","Variables","VIF"
"1","cldtot_avg",3.08311619607303
"2","hflux_avg",5.63815883465472
"3","lai_avg",3.36143560801597
"4","qinfil_avg",6.82908121747398
"5","qv2m_avg",9.1041748746771
"6","swgnt_avg",6.79660244968789
"7","tsat_avg",9.06281368477829
