"","Variables","VIF"
"1","cldtot_avg",4.03443614455352
"2","hflux_avg",10.9839472037074
"3","lai_avg",4.93585173094199
"4","qinfil_avg",10.4221229858941
"5","qv2m_avg",10.8387145027044
"6","swgnt_avg",10.2290377827812
"7","t2m_avg",605.990464872674
"8","ts_avg",2323.24441228284
"9","tsat_avg",134.843449119508
"10","tsurf_avg",1898.72545763868
